nama_provinsi,kode_kabkota,nama_kabkota,koordinat_kabkota,tahun,angka_harapan_hidup,angka_melek_huruf,lama_sekolah,pengeluaran_perkapita,ipm
Nanggroe Aceh Darussalam,24,Nanggroe Aceh Darussalam,"5.54215,95.3431",2012,69.0132353,96.90984322,9.130436843,616.9788417,72.5462263
Kepulauan Riau,32,Kepulauan Riau,"1.04902,104.49",2012,69.54714286,96.03032371,8.553401414,641.0693029,74.075698
DKI Jakarta,39,DKI Jakarta,"-6.18367,106.836",2012,72.96,99.183507,10.35787002,641.4214517,78.03620717
Jawa Barat,66,Jawa Barat,"-6.90992,107.647",2012,68.51653846,96.90789565,8.305547992,640.2445069,73.45102538
Jawa Tengah,102,Jawa Tengah,"-7.02842,110.389",2012,70.76628571,91.61269183,7.652899551,644.2348457,73.3481138
Daerah Istimewa Yogyakarta,108,Daerah Istimewa Yogyakarta,"-7.80279,110.376",2012,73.152,92.3643816,9.41991452,646.413448,76.3172752
Jawa Timur,147,Jawa Timur,"-7.27981,112.711",2012,68.76295187,90.02790053,7.695666513,643.7028018,71.87366947
Banten,156,Banten,"-6.17562,106.652",2012,66.1875,97.04705563,8.614659038,641.9286638,72.54674475
Bali,166,Bali,"-8.66035,115.227",2012,71.36555556,88.60955233,8.121725422,645.9856967,73.49582733
Nusa Tenggara Barat,177,Nusa Tenggara Barat,"-8.58142,116.117",2012,62.506,85.7788679,7.59489092,631.974222,66.4752296
Nusa Tenggara Timur,199,Nusa Tenggara Timur,"-10.225,123.603",2012,66.98619048,88.74292371,6.932617805,604.2283952,66.99501138
Sumatera Utara,233,Sumatera Utara,"3.6686,98.6712",2012,69.66831561,97.10319264,8.764821591,634.0422255,73.9967287
Kalimantan Barat,248,Kalimantan Barat,"-0.089018,109.351",2012,67.07928571,91.26765621,7.027093871,623.4796836,69.16073236
Kalimantan Tengah,263,Kalimantan Tengah,"-1.77978,113.809",2012,69.31,98.23333707,8.236150843,643.1463843,74.35851229
Kalimantan Selatan,277,Kalimantan Selatan,"-3.32828,114.573",2012,65.59399738,96.56860623,7.832289269,643.9953585,71.69036754
Kalimantan Timur,292,Kalimantan Timur,"-0.430184,117.174",2012,71.41,96.66713143,8.724271193,643.29784,75.550371
Sulawesi Utara,308,Sulawesi Utara,"1.50213,124.852",2012,71.74266667,99.4135298,8.687988793,631.16529,75.38402447
Sulawesi Tengah,320,Sulawesi Tengah,"-0.820163,119.9",2012,66.19818182,96.61215318,8.270006864,626.6848982,71.02647664
Sulawesi Selatan,345,Sulawesi Selatan,"-5.15306,119.453",2012,71.99213246,88.59401013,7.699215938,637.2339033,72.85333279
Sulawesi Tenggara,358,Sulawesi Tenggara,"-4.0035,122.553",2012,68.15583333,92.341126,8.239874975,621.4841608,70.74200033
Gorontalo,365,Gorontalo,"0.531953,123.088",2012,68.33166667,96.61379783,7.469647833,623.2718283,71.356337
Sulawesi Barat,371,Sulawesi Barat,"-2.35397,119.332",2012,67.926,90.8826134,7.49911364,636.451122,70.8944256
Sumatera Barat,391,Sumatera Barat,"-1.00273,100.451",2012,69.15789474,97.74870705,8.7815612,634.9554511,73.93935658
Maluku,403,Maluku,"-3.67265,128.234",2012,67.65545455,97.65647464,8.718703564,618.5725155,71.77559809
Maluku Utara,413,Maluku Utara,"0.809597,127.339",2012,66.54222222,96.74153033,8.318008489,607.2795433,69.78708211
Papua,443,Papua,"-2.6529,140.772",2012,67.09216134,59.63119845,5.465296186,601.7939779,59.31017872
Papua Barat,455,Papua Barat,"-0.927203,131.366",2012,68.64913045,90.90026136,8.1174268,583.7322027,67.69704664
Riau,468,Riau,"0.557415,101.462",2012,69.80166667,97.973947,8.62227675,649.6096525,75.3579165
Jambi,480,Jambi,"-1.62225,103.641",2012,69.81272727,96.58750482,8.127781427,642.62308,74.15147982
Sumatera Selatan,496,Sumatera Selatan,"-3.0036,104.728",2012,68.656,97.88981147,8.068000273,623.255716,72.26206373
Bengkulu,507,Bengkulu,"-3.85375,102.297",2012,68.141,95.4270257,8.24590785,624.893046,71.6865772
Lampung,522,Lampung,"-5.42396,105.251",2012,69.61693993,95.54238714,7.922089693,619.778945,71.89836443
Kepulauan Bangka Belitung,530,Kepulauan Bangka Belitung,"-2.22588,106.128",2012,68.81285714,96.08006914,7.708108543,635.6539043,72.63551371
Nanggroe Aceh Darussalam,1101,Simeulue,"2.62818,96.0898",2012,63.12,99.287358,8.6298487,625.58611,70.092773
Nanggroe Aceh Darussalam,1102,Aceh Singkil,"2.439,97.9244",2012,65.28,96.254,7.7810878,617.48133,69.365654
Nanggroe Aceh Darussalam,1103,Aceh Selatan,"3.25638,97.213",2012,67.14,96.5547,8.4488032,614.18804,70.706725
Nanggroe Aceh Darussalam,1104,Aceh Tenggara,"3.59968,97.6619",2012,69.29,97.968021,9.3660422,605.78878,72.247663
Nanggroe Aceh Darussalam,1105,Aceh Timur,"4.56983,97.7723",2012,69.86,98.269811,8.5313677,594.86459,71.171604
Nanggroe Aceh Darussalam,1106,Aceh Tengah,"4.56693,96.8147",2012,69.76,98.652597,9.7110571,625.36657,74.424588
Nanggroe Aceh Darussalam,1107,Aceh Barat,"4.49032,96.041",2012,70.15,94.956114,8.7956927,607.02113,71.728578
Nanggroe Aceh Darussalam,1108,Aceh Besar,"5.35887,95.5144",2012,70.87,96.982597,9.8405478,617.09252,74.128695
Nanggroe Aceh Darussalam,1109,Pidie,"5.1152,95.9574",2012,69.84,96.306604,8.7354484,620.0138,72.812692
Nanggroe Aceh Darussalam,1110,Bireuen,"5.081,96.5974",2012,72.43,98.510407,9.2897492,601.22034,73.704208
Nanggroe Aceh Darussalam,1111,Aceh Utara,"4.99764,97.1454",2012,69.86,97.834044,9.1975263,614.34525,73.068854
Nanggroe Aceh Darussalam,1112,Aceh Barat Daya,"3.78325,96.9143",2012,67.38,96.470459,8.2507531,625.23723,71.525776
Nanggroe Aceh Darussalam,1113,Gayo Lues,"3.97798,97.323",2012,67.22,87.892604,8.7433466,607.64632,68.540516
Nanggroe Aceh Darussalam,1114,Aceh Tamiang,"4.20756,98.0029",2012,68.57,98.329594,8.8575768,607.12032,71.653943
Nanggroe Aceh Darussalam,1115,Nagan Raya,"4.15452,96.5184",2012,69.76,91.769706,8.1149603,611.39117,70.636208
Nanggroe Aceh Darussalam,1116,Aceh Jaya,"4.8271,95.6491",2012,68.13,94.759563,8.733617,604.82616,70.347613
Nanggroe Aceh Darussalam,1117,Bener Meriah,"4.76923,96.9901",2012,67.74,98.793633,8.8250984,614.8065,71.863977
Nanggroe Aceh Darussalam,1118,Pidie Jaya,"5.13828,96.2004",2012,69.36,95.482124,8.6932173,630.37278,73.129499
Nanggroe Aceh Darussalam,1171,Kota Banda Aceh,"5.54215,95.3431",2012,71.42,99.249959,12.254907,640.06111,78.495842
Nanggroe Aceh Darussalam,1172,Kota Sabang,"5.83886,95.2953",2012,71.59,99.093792,10.603799,634.22352,76.882857
Nanggroe Aceh Darussalam,1173,Kota Langsa,"4.48157,97.9214",2012,70.93,99.307705,10.58567,610.79413,74.745483
Nanggroe Aceh Darussalam,1174,Kota Lhokseumawe,"5.12941,97.0654",2012,71.474412,99.649637,10.384901,640.07459,77.230736
Nanggroe Aceh Darussalam,1175,Kota Subulussalam,"2.65359,97.9101",2012,66.13,96.551365,7.6250298,620.99107,70.058721
Sumatera Utara,1201,Nias,"1.12946,97.7191",2012,69.94,90.786858,6.4632241,614.76869,69.554466
Sumatera Utara,1202,Mandailing Natal,"0.716284,99.4183",2012,63.79,99.343336,7.9627296,644.44354,71.4359
Sumatera Utara,1203,Tapanuli Selatan,"1.52419,99.2215",2012,67.478132,99.833344,8.9652739,650.18082,74.778334
Sumatera Utara,1204,Tapanuli Tengah,"1.86878,98.6094",2012,68.4,95.837669,8.1940345,626.92345,72.039702
Sumatera Utara,1205,Tapanuli Utara,"2.0633,98.8284",2012,70.33,98.615984,9.0298347,639.71369,75.333698
Sumatera Utara,1206,Toba Samosir,"2.50027,99.0042",2012,70.82,98.498068,9.8707726,652.84712,77.214329
Sumatera Utara,1207,Labuhan Batu,"2.14783,99.9218",2012,70.226283,98.31686,8.7830704,643.07954,75.286095
Sumatera Utara,1208,Asahan,"2.98305,99.531",2012,69.28,97.997945,8.1738955,637.35986,73.797673
Sumatera Utara,1209,Simalungun,"2.95304,99.2713",2012,69.2,97.578204,8.8055656,640.29522,74.353973
Sumatera Utara,1210,Dairi,"2.82712,98.2783",2012,68.78,98.708625,8.9519011,632.23369,73.859245
Sumatera Utara,1211,Karo,"3.09635,98.2514",2012,72.38,98.728647,9.286167,633.60541,76.216965
Sumatera Utara,1212,Deli Serdang,"3.46231,98.888",2012,71.11,98.656932,9.5571062,639.77295,76.171267
Sumatera Utara,1213,Langkat,"3.766,98.2307",2012,69.16,97.478976,8.8000691,636.07603,73.980616
Sumatera Utara,1214,Nias Selatan,"0.786682,97.7166",2012,70.7,85.36273,6.4351486,608.04141,68.232314
Sumatera Utara,1215,Humbang Hasundutan,"2.23062,98.5734",2012,68.06,98.221854,9.3448937,621.31593,72.801161
Sumatera Utara,1216,Pakpak Bharat,"2.55478,98.2762",2012,68.03,97.512065,8.4916814,621.39064,72.000509
Sumatera Utara,1217,Samosir,"2.50894,98.6264",2012,69.95,97.923609,9.5546286,631.42554,74.719009
Sumatera Utara,1218,Serdang Bedagai,"3.34975,99.0295",2012,69.18,97.813603,8.6693522,637.35914,74.068102
Sumatera Utara,1219,Batu Bara,"3.23175,99.5003",2012,68.83,96.104609,7.8800622,634.83031,72.714421
Sumatera Utara,1220,Padang Lawas Utara,"1.61899,99.6822",2012,66.67,99.528561,8.9335708,641.80023,73.592584
Sumatera Utara,1221,Padang Lawas,"1.2403,99.9102",2012,67.15,99.66014,8.4310189,634.60128,72.961679
Sumatera Utara,1222,Labuhan Batu Selatan,"1.8468,100.077",2012,70.5,98.939941,8.3644764,638.28282,74.897051
Sumatera Utara,1223,Labuhan Batu Utara,"2.42728,99.7271",2012,70.31,98.90068,8.2634515,641.04892,74.921017
Sumatera Utara,1224,Nias Utara,"1.30584,97.3029",2012,69.33,89.305348,6.4506675,612.5832,68.708699
Sumatera Utara,1225,Nias Barat,"1.01902,97.5242",2012,69.31,84.472842,6.1709596,614.82941,67.589537
Sumatera Utara,1271,Kota Sibolga,"1.72715,98.7986",2012,70.34,99.331914,9.7688259,635.64812,75.73257
Sumatera Utara,1272,Kota Tanjung Balai,"2.94164,99.7784",2012,71.09,99.086152,9.0776836,628.90664,75.063356
Sumatera Utara,1273,Kota Pematang Siantar,"2.9676,99.0514",2012,72.42,99.470324,10.931397,642.0173,78.270679
Sumatera Utara,1274,Kota Tebing Tinggi,"3.33108,99.1414",2012,71.6,99.028469,9.9205923,646.88624,77.343254
Sumatera Utara,1275,Kota Medan,"3.6686,98.6712",2012,72.21,99.519608,10.86345,643.75775,78.248704
Sumatera Utara,1276,Kota Binjai,"3.61904,98.4846",2012,72.01,99.223194,10.000155,642.84899,77.362241
Sumatera Utara,1277,Kota Padangsidimpuan,"1.30299,99.2289",2012,69.84,99.739192,10.360987,636.32482,76.036065
Sumatera Utara,1278,Kota Gunungsitoli,"1.26105,97.5949",2012,70.63,94.879074,8.482466,618.19474,72.606832
Sumatera Barat,1301,Kepulauan Mentawai,"-1.34643,98.9409",2012,68.63,93.693549,6.5249382,611.42902,69.261072
Sumatera Barat,1302,Pesisir Selatan,"-1.74602,100.844",2012,67.88,96.000844,8.2282155,634.98899,72.433699
Sumatera Barat,1303,Solok,"-0.933584,100.83",2012,67.3,97.235162,8.0401292,633.77612,72.153016
Sumatera Barat,1304,Sijunjung,"-0.650064,101.147",2012,67.58,94.797908,7.5074996,639.31347,71.798973
Sumatera Barat,1305,Tanah Datar,"-0.470079,100.582",2012,71.67,97.266993,8.408515,635.60178,75.00138
Sumatera Barat,1306,Padang Pariaman,"-0.59275,100.257",2012,69.38,94.533977,7.4636235,637.05254,72.533657
Sumatera Barat,1307,Agam,"-0.266132,100.15",2012,69.43,97.873553,8.6065263,636.57238,74.11317
Sumatera Barat,1308,Lima Puluh Kota,"-0.000848,100.563",2012,69.18,99.005236,8.0129579,616.54427,72.243278
Sumatera Barat,1309,Pasaman,"0.39956,100.083",2012,68.11,98.836047,7.8717171,646.0867,73.782329
Sumatera Barat,1310,Solok Selatan,"-1.35893,101.276",2012,64.88,97.634427,7.8578643,619.84396,69.689063
Sumatera Barat,1311,Dharmas Raya,"-1.00085,101.342",2012,66.5,97.287239,8.2437794,612.72024,70.249018
Sumatera Barat,1312,Pasaman Barat,"0.186779,99.5962",2012,65.68,98.3233,8.0601898,628.03958,71.067787
Sumatera Barat,1371,Kota Padang,"-1.00273,100.451",2012,71.39,99.506669,10.93806,652.87677,78.547997
Sumatera Barat,1372,Kota Solok,"-0.759189,100.599",2012,70.03,99.206485,10.494271,641.79111,76.543049
Sumatera Barat,1373,Kota Sawah Lunto,"-0.677574,100.788",2012,72.08,98.632311,9.4238988,630.20058,75.868633
Sumatera Barat,1374,Kota Padang Panjang,"-0.453913,100.423",2012,72.01,99.320004,10.735578,650.35683,78.506857
Sumatera Barat,1375,Kota Bukittinggi,"-0.271348,100.372",2012,71.85,99.934012,10.589885,658.38921,79.065245
Sumatera Barat,1376,Kota Payakumbuh,"-0.239505,100.641",2012,70.94,99.200004,9.9098622,643.66678,76.758756
Sumatera Barat,1377,Kota Pariaman,"-0.626203,100.145",2012,69.48,98.937714,9.932152,634.90324,75.230796
Riau,1401,Kuantan Singingi,"-0.491978,101.47",2012,68.53,98.088343,8.0604064,652.69031,74.497965
Riau,1402,Indragiri Hulu,"-0.522681,102.243",2012,69.01,98.215509,8.0131787,654.51998,74.898851
Riau,1403,Indragiri Hilir,"-0.287854,103.183",2012,71.88,99.182404,7.6298423,650.91485,76.146498
Riau,1404,Pelalawan,"0.124485,102.427",2012,69.08,98.505148,8.243329,638.31742,73.924469
Riau,1405,Siak,"0.761717,101.846",2012,72.03,98.680596,9.1423201,651.35081,77.272255
Riau,1406,Kampar,"0.27116,101.089",2012,68.83,98.603541,8.9267501,654.20396,75.537457
Riau,1407,Rokan Hulu,"0.821098,100.506",2012,67.26,98.402955,7.9413938,650.68963,73.62005
Riau,1408,Bengkalis,"1.24641,101.523",2012,70.56,98.169442,9.1771514,644.8053,75.863585
Riau,1409,Rokan Hilir,"1.86948,100.838",2012,67.32,98.17767,7.8950923,645.54324,73.172585
Riau,1410,Kepulauan Meranti,"0.907379,102.726",2012,68.98,90.362434,7.3547833,639.26883,71.474528
Riau,1471,Kota Pekan Baru,"0.557415,101.462",2012,71.88,99.903666,11.346802,652.20143,79.15919
Riau,1473,Kota Dumai,"1.74798,101.264",2012,72.26,99.395656,9.7362716,660.81007,78.727565
Jambi,1501,Kerinci,"-2.06012,101.478",2012,71.09,97.25938,8.2658938,642.65,75.114761
Jambi,1502,Merangin,"-2.20381,102.056",2012,68.83,97.528265,7.6453528,634.70444,72.847234
Jambi,1503,Sarolangun,"-2.33009,102.649",2012,69.71,94.978175,7.5517822,646.47869,73.60712
Jambi,1504,Batang Hari,"-1.85729,103.015",2012,69.56,97.582207,7.9235504,639.4,73.832558
Jambi,1505,Muaro Jambi,"-1.64549,103.746",2012,69.39,96.841664,8.1673697,637.31739,73.593727
Jambi,1506,Tanjung Jabung Timur,"-1.30035,103.98",2012,71.09,92.440042,6.3899909,640.95,72.523284
Jambi,1507,Tanjung Jabung Barat,"-1.12062,103.142",2012,70.05,97.932087,7.6037414,636.24256,73.702411
Jambi,1508,Tebo,"-1.39386,102.317",2012,69.37,95.218021,7.4307641,637.47393,72.688232
Jambi,1509,Bungo,"-1.50943,101.958",2012,67.81,96.335666,8.1814062,642.94518,73.047423
Jambi,1571,Kota Jambi,"-1.62225,103.641",2012,69.95,99.071113,10.564026,649.09412,77.082759
Jambi,1572,Kota Sungai Penuh,"-2.09008,101.339",2012,71.09,97.275933,9.6817182,661.59757,77.626769
Sumatera Selatan,1601,Ogan Komering Ulu,"-4.01787,104.146",2012,69.61,98.485142,8.5057058,633.19038,74.013874
Sumatera Selatan,1602,Ogan Komering Ilir,"-3.32657,105.198",2012,68.48,96.620249,6.7564499,630.2798,71.451722
Sumatera Selatan,1603,Muara Enim,"-3.71069,104.044",2012,68.03,98.854512,7.5266666,622.30015,71.654066
Sumatera Selatan,1604,Lahat,"-3.8887,103.196",2012,68.9,97.837514,8.3742096,619.03061,72.28735
Sumatera Selatan,1605,Musi Rawas,"-2.95853,102.861",2012,65.1,97.361681,7.1372123,617.20358,69.013465
Sumatera Selatan,1606,Musi Banyu Asin,"-2.44468,104.293",2012,70.39,98.586068,7.625314,624.50494,73.148436
Sumatera Selatan,1607,Banyu Asin,"-2.41036,104.787",2012,67.77,96.511972,7.0817397,622.82253,70.699723
Sumatera Selatan,1608,Ogan Komering Ulu Selatan,"-4.56882,103.97",2012,69.51,98.354549,7.480903,621.72931,72.287314
Sumatera Selatan,1609,Ogan Komering Ulu Timur,"-4.08204,104.568",2012,68.48,94.858983,7.2987474,620.674,70.722076
Sumatera Selatan,1610,Ogan Ilir,"-3.42967,104.575",2012,66.86,97.727239,7.57431,618.78808,70.518311
Sumatera Selatan,1611,Empat Lawang,"-3.72128,102.917",2012,65.78,98.35659,7.6941003,612.91647,69.694598
Sumatera Selatan,1671,Kota Palembang,"-3.0036,104.728",2012,71.6,98.937842,10.297224,643.98139,77.378334
Sumatera Selatan,1672,Kota Prabumulih,"-3.49761,104.22",2012,72.73,98.724589,9.2883649,621.12586,75.45081
Sumatera Selatan,1673,Kota Pagar Alam,"-4.14946,103.34",2012,70.61,98.617681,9.0098852,622.46738,74.146333
Sumatera Selatan,1674,Kota Lubuklinggau,"-3.25947,102.821",2012,65.99,98.512561,9.3691714,617.82126,71.464544
Bengkulu,1701,Bengkulu Selatan,"-4.31242,103.031",2012,67.77,96.538455,8.670702,639.61089,73.175859
Bengkulu,1702,Rejang Lebong,"-3.44252,102.687",2012,67.98,95.736918,8.0128749,634.1991,72.210246
Bengkulu,1703,Bengkulu Utara,"-3.0694,101.834",2012,69.97,93.537934,7.8421598,634.75093,72.743191
Bengkulu,1704,Kaur,"-4.59173,103.427",2012,67.85,97.081879,8.1714598,615.68932,71.128527
Bengkulu,1705,Seluma,"-4.07019,102.72",2012,66.25,94.085313,7.4633171,598.06691,67.691693
Bengkulu,1706,Mukomuko,"-2.73128,101.448",2012,68.17,94.102672,7.7440817,631.29187,71.529579
Bengkulu,1707,Lebong,"-3.05177,102.219",2012,67.43,95.558826,7.932948,625.28077,71.118911
Bengkulu,1708,Kepahiang,"-3.64761,102.658",2012,64.88,96.405537,8.1010647,617.39886,69.407773
Bengkulu,1709,Bengkulu Tengah,"-3.67487,102.424",2012,70.27,91.907287,7.2565345,598.86019,69.348956
Bengkulu,1771,Kota Bengkulu,"-3.85375,102.297",2012,70.84,99.315436,11.263936,653.78162,78.511037
Lampung,1801,Lampung Barat,"-5.36361,104.125",2012,67.77,97.361821,7.4739053,609.68504,70.167062
Lampung,1802,Tanggamus,"-5.51669,104.76",2012,70.15,95.477228,7.4295923,626.3693,72.322885
Lampung,1803,Lampung Selatan,"-5.51469,105.379",2012,69.05,94.938907,7.5019385,617.36031,70.951755
Lampung,1804,Lampung Timur,"-5.11625,105.586",2012,70.74,93.738014,7.596709,616.69103,71.642423
Lampung,1805,Lampung Tengah,"-4.86672,105.176",2012,69.72,93.744335,7.6044944,626.1378,71.810633
Lampung,1806,Lampung Utara,"-4.83168,104.814",2012,68.49,95.709352,8.097067,617.67072,71.276602
Lampung,1807,Way Kanan,"-4.57554,104.648",2012,69.96,94.909483,7.3346801,611.0993,70.844578
Lampung,1808,Tulangbawang,"-4.54332,105.097",2012,69.41,95.786592,7.3940096,621.81298,71.603181
Lampung,1809,Pesawaran,"-5.4532,105.098",2012,68.71,96.759985,7.5317779,613.62222,70.901701
Lampung,1810,Pringsewu,"-5.36191,104.927",2012,68.77,95.086127,8.6186371,632.20396,72.799538
Lampung,1811,Mesuji,"-4.03268,105.413",2012,68.501218,93.304427,6.39347,602.25818,68.299222
Lampung,1812,Tulangbawang Barat,"-4.27498,105.423",2012,68.775941,93.876665,7.4898425,607.87767,69.824019
Lampung,1871,Kota Bandar Lampung,"-5.42396,105.251",2012,71.61,98.502414,10.296113,638.0411,76.828712
Lampung,1872,Kota Metro,"-5.11165,105.309",2012,72.98,98.39807,10.147019,636.07562,77.304791
Kepulauan Bangka Belitung,1901,Bangka,"-1.93481,105.952",2012,68.06,96.709627,8.0954312,648.9154,73.665628
Kepulauan Bangka Belitung,1902,Belitung,"-2.88028,107.753",2012,69.36,96.570657,7.8506487,648.26999,74.125931
Kepulauan Bangka Belitung,1903,Bangka Barat,"-1.83743,105.451",2012,68.02,93.853202,7.0171044,632.42144,70.93932
Kepulauan Bangka Belitung,1904,Bangka Tengah,"-2.49897,106.335",2012,68.19,96.789,7.1678934,638.52389,72.267944
Kepulauan Bangka Belitung,1905,Bangka Selatan,"-2.79221,106.319",2012,68.13,93.677623,6.0386092,599.8358,67.726461
Kepulauan Bangka Belitung,1906,Belitung Timur,"-2.8935,107.874",2012,69.28,96.740024,7.7417159,633.09191,72.869233
Kepulauan Bangka Belitung,1971,Kota Pangkal Pinang,"-2.22588,106.128",2012,70.65,98.220351,10.045357,648.5189,76.854079
Kepulauan Riau,2101,Karimun,"0.768402,103.426",2012,69.94,96.830773,8.1611281,644.56318,74.450398
Kepulauan Riau,2102,Bintan,"1.01851,104.574",2012,69.8,96.923872,8.9542712,653.63282,75.679475
Kepulauan Riau,2103,Natuna,"3.93073,108.188",2012,68.43,96.815421,7.7844625,624.33179,71.770619
Kepulauan Riau,2104,Lingga,"-0.155833,104.713",2012,70.37,91.785255,7.274951,633.84825,72.086239
Kepulauan Riau,2105,Kepulauan Anambas,"2.93874,105.76",2012,67.66,91.86888,6.6729381,633.29149,70.110443
Kepulauan Riau,2171,Kota Batam,"1.08657,104.023",2012,70.91,99.291555,10.84341,656.7132,78.458944
Kepulauan Riau,2172,Kota Tanjung Pinang,"1.04902,104.49",2012,69.72,98.69651,10.182649,641.10439,75.973768
DKI Jakarta,3101,Kepulauan Seribu,"-5.77769,106.504",2012,70.77,98.398567,8.2005851,594.69089,71.447367
DKI Jakarta,3171,Jakarta Selatan,"-6.28461,106.794",2012,73.87,99.391964,11.102711,654.73081,80.165068
DKI Jakarta,3172,Jakarta Timur,"-6.26223,106.907",2012,73.7,99.554231,11.133365,650.41609,79.797018
DKI Jakarta,3173,Jakarta Pusat,"-6.18367,106.836",2012,72.55,99.551322,10.873744,652.47316,79.123632
DKI Jakarta,3174,Jakarta Barat,"-6.15971,106.755",2012,73.79,99.001464,10.754875,650.23187,79.429627
DKI Jakarta,3175,Jakarta Utara,"-6.1354,106.841",2012,73.08,99.203494,10.08194,645.98589,78.254531
Jawa Barat,3201,Bogor,"-6.54412,107.002",2012,69.7,95.270274,8.0001035,634.52038,73.077391
Jawa Barat,3202,Sukabumi,"-7.07493,106.717",2012,67.7,97.55764,6.9277189,632.14208,71.497019
Jawa Barat,3203,Cianjur,"-7.05156,107.126",2012,66.7,97.672089,6.8675212,620.39686,70.017547
Jawa Barat,3204,Bandung,"-7.07311,107.592",2012,69.17,98.78163,8.4697408,645.17459,74.731844
Jawa Barat,3205,Garut,"-7.3425,107.778",2012,66.39,98.981445,7.3741949,641.27713,72.120058
Jawa Barat,3206,Tasikmalaya,"-7.42885,108.164",2012,68.4,98.952341,7.3355588,636.52857,72.835846
Jawa Barat,3207,Ciamis,"-7.4369,108.486",2012,67.65,97.964195,7.4713988,634.46068,72.14092
Jawa Barat,3208,Kuningan,"-6.98826,108.591",2012,67.71,97.022732,7.4554879,634.98404,71.993569
Jawa Barat,3209,Cirebon,"-6.75547,108.576",2012,65.52,92.501321,6.8946964,637.93138,69.583783
Jawa Barat,3210,Majalengka,"-6.81747,108.228",2012,66.88,95.142736,7.1855057,638.1244,71.156603
Jawa Barat,3211,Sumedang,"-6.81018,107.979",2012,67.63,97.819287,7.9602092,640.82157,72.949681
Jawa Barat,3212,Indramayu,"-6.44806,108.198",2012,67.64,85.689984,5.9584496,642.32942,68.893204
Jawa Barat,3213,Subang,"-6.4939,107.726",2012,69.69,92.504266,6.9647453,635.84104,71.791968
Jawa Barat,3214,Purwakarta,"-6.58964,107.431",2012,67.64,96.652193,7.5727652,638.27816,72.212963
Jawa Barat,3215,Karawang,"-6.28699,107.364",2012,67.3,93.23668,7.3195251,635.90276,70.894504
Jawa Barat,3216,Bekasi,"-6.20242,107.135",2012,70.07,94.392126,8.7343812,641.00558,74.131281
Jawa Barat,3217,Bandung Barat,"-6.90356,107.464",2012,68.71,99.139177,8.114136,641.71563,74.025881
Jawa Barat,3271,Kota Bogor,"-6.59621,106.794",2012,69.07,98.972088,9.8069699,654.99515,76.465651
Jawa Barat,3272,Kota Sukabumi,"-6.94092,106.906",2012,69.96,99.722422,9.3588056,641.1765,75.730382
Jawa Barat,3273,Kota Bandung,"-6.90992,107.647",2012,69.85,99.720397,10.617515,644.4824,76.85586
Jawa Barat,3274,Kota Cirebon,"-6.74773,108.555",2012,68.54,97.444331,10.129028,654.28553,76.015603
Jawa Barat,3275,Kota Bekasi,"-6.28521,106.973",2012,69.76,98.570437,10.838237,650.44606,77.173204
Jawa Barat,3276,Kota Depok,"-6.39243,106.825",2012,73.34,99.011596,10.977152,654.94593,79.709663
Jawa Barat,3277,Kota Cimahi,"-6.88191,107.549",2012,69.32,99.799434,10.610006,640.62105,76.275969
Jawa Barat,3278,Kota Tasikmalaya,"-7.36021,108.218",2012,70.6,99.750963,8.8790474,636.11493,75.347001
Jawa Barat,3279,Kota Banjar,"-7.36996,108.559",2012,66.49,97.333503,8.1213484,637.85536,72.099265
Jawa Tengah,3301,Cilacap,"-7.4436,108.815",2012,71.43,91.494989,6.8715259,639.78323,72.768975
Jawa Tengah,3302,Banyumas,"-7.45231,109.168",2012,69.83,94.244955,7.7942927,641.78389,73.328836
Jawa Tengah,3303,Purbalingga,"-7.32767,109.409",2012,70.68,93.518695,7.2343251,638.41292,72.965203
Jawa Tengah,3304,Banjarnegara,"-7.35284,109.639",2012,69.36,88.489028,6.3525233,641.53194,70.701244
Jawa Tengah,3305,Kebumen,"-7.63749,109.611",2012,69.43,91.543699,6.9252077,641.77785,71.862102
Jawa Tengah,3306,Purworejo,"-7.70103,109.969",2012,71.04,92.793436,7.930084,638.50857,73.52678
Jawa Tengah,3307,Wonosobo,"-7.39755,109.903",2012,70.48,91.430722,6.5563812,632.71489,71.448986
Jawa Tengah,3308,Magelang,"-7.51056,110.247",2012,70.23,93.30529,7.5492962,641.45239,73.135228
Jawa Tengah,3309,Boyolali,"-7.38235,110.709",2012,70.49,87.96927,7.4281151,634.85826,71.496167
Jawa Tengah,3310,Klaten,"-7.67597,110.609",2012,71.84,89.92853,8.3081727,649.49341,74.460829
Jawa Tengah,3311,Sukoharjo,"-7.68287,110.831",2012,70.36,90.730188,8.5333029,652.39068,74.2067
Jawa Tengah,3312,Wonogiri,"-7.96073,111.035",2012,72.42,84.324319,6.654699,653.07363,72.588668
Jawa Tengah,3313,Karanganyar,"-7.61315,110.984",2012,72.36,88.945408,8.2675304,651.04974,74.621029
Jawa Tengah,3314,Sragen,"-7.39103,110.962",2012,72.95,84.414604,7.2228488,633.90417,71.847363
Jawa Tengah,3315,Grobogan,"-7.10693,110.894",2012,70.05,90.941115,6.8321617,638.67959,71.765051
Jawa Tengah,3316,Blora,"-7.11381,111.361",2012,71.48,85.061993,6.4622602,645.28301,71.487698
Jawa Tengah,3317,Rembang,"-6.76817,111.464",2012,70.34,91.372756,7.0450181,646.8989,72.812905
Jawa Tengah,3318,Pati,"-6.70743,111.034",2012,72.95,87.605607,7.0074693,652.22097,73.807917
Jawa Tengah,3319,Kudus,"-6.79816,110.87",2012,69.73,93.744724,8.4888141,642.01705,73.694539
Jawa Tengah,3320,Jepara,"-6.60681,110.789",2012,71.13,93.293678,7.5825762,639.89082,73.537009
Jawa Tengah,3321,Demak,"-6.92854,110.637",2012,71.95,92.539852,7.6182224,635.62322,73.52271
Jawa Tengah,3322,Semarang,"-7.28739,110.456",2012,72.6,94.20005,8.0740142,640.66811,74.978996
Jawa Tengah,3323,Temanggung,"-7.24573,110.137",2012,72.77,95.974906,7.0970732,640.56085,74.73593
Jawa Tengah,3324,Kendal,"-7.02297,110.142",2012,69.1,89.772961,7.1058743,642.55498,71.478963
Jawa Tengah,3325,Batang,"-7.03709,109.88",2012,70.57,89.928638,6.7300253,634.28128,71.414477
Jawa Tengah,3326,Pekalongan,"-7.04079,109.657",2012,69.56,92.114036,6.8024315,646.95836,72.369186
Jawa Tengah,3327,Pemalang,"-7.00981,109.392",2012,68.12,90.80342,6.5372526,641.51733,70.662376
Jawa Tengah,3328,Tegal,"-7.04973,109.157",2012,69.38,90.63604,6.616538,646.18876,71.743761
Jawa Tengah,3329,Brebes,"-7.04457,108.945",2012,68.26,86.69081,6.0680552,640.05802,69.366273
Jawa Tengah,3371,Kota Magelang,"-7.4917,110.226",2012,70.34,97.51749,10.357377,655.0766,77.261946
Jawa Tengah,3372,Kota Surakarta,"-7.55914,110.824",2012,72.35,96.733156,10.488571,658.91641,78.597285
Jawa Tengah,3373,Kota Salatiga,"-7.34305,110.5",2012,71.25,96.551768,9.9849329,653.16434,77.129706
Jawa Tengah,3374,Kota Semarang,"-7.02842,110.389",2012,72.24,96.975126,10.302791,652.79589,77.980854
Jawa Tengah,3375,Kota Pekalongan,"-6.90084,109.689",2012,70.63,95.942842,8.7200418,647.13769,75.248743
Jawa Tengah,3376,Kota Tegal,"-6.87444,109.108",2012,69.12,94.910113,8.3016793,656.99185,74.629548
Daerah Istimewa Yogyakarta,3401,Kulon Progo,"-7.81337,110.148",2012,74.58,92.036764,8.3722248,634.34212,75.331858
Daerah Istimewa Yogyakarta,3402,Bantul,"-7.90749,110.358",2012,71.34,92.189204,8.952218,654.06068,75.51432
Daerah Istimewa Yogyakarta,3403,Gunungkidul,"-7.99321,110.585",2012,71.04,84.972427,7.7013018,631.91266,71.111213
Daerah Istimewa Yogyakarta,3404,Sleman,"-7.69031,110.387",2012,75.29,94.526324,10.516726,654.10509,79.390441
Daerah Istimewa Yogyakarta,3471,Kota Yogyakarta,"-7.80279,110.376",2012,73.51,98.097189,11.557102,657.64669,80.238544
Jawa Timur,3501,Pacitan,"-8.10083,111.161",2012,71.69,91.63161,6.9638163,638.08715,72.881491
Jawa Timur,3502,Ponorogo,"-7.97311,111.531",2012,70.402497,88.991352,7.1797936,640.3007,71.909985
Jawa Timur,3503,Trenggalek,"-8.13936,111.617",2012,72.13,92.883432,7.3086542,643.71387,74.092991
Jawa Timur,3504,Tulungagung,"-8.0756,111.916",2012,71.95,94.57258,7.9542751,638.52606,74.446967
Jawa Timur,3505,Blitar,"-8.1394,112.215",2012,71.3,92.054942,7.401948,655.56741,74.429981
Jawa Timur,3506,Kediri,"-7.80293,112.059",2012,70.15,92.870411,7.7164744,636.2766,72.719278
Jawa Timur,3507,Malang,"-8.09136,112.622",2012,69.5,90.729688,7.0783298,643.20071,71.94313
Jawa Timur,3508,Lumajang,"-8.12431,113.139",2012,67.75,86.578139,6.4322597,635.75609,68.996296
Jawa Timur,3509,Jember,"-8.26315,113.673",2012,63.21,83.654898,6.7921655,634.48286,65.992982
Jawa Timur,3510,Banyuwangi,"-8.33103,114.218",2012,68.38,88.078719,7.253162,638.95368,70.534151
Jawa Timur,3511,Bondowoso,"-7.94327,113.933",2012,63.85,80.724458,5.9443624,633.33,64.980519
Jawa Timur,3512,Situbondo,"-7.79577,114.261",2012,63.52,78.306719,6.2160092,641.12297,65.061439
Jawa Timur,3513,Probolinggo,"-7.86336,113.276",2012,61.7,80.481093,5.9164009,641.64459,64.351772
Jawa Timur,3514,Pasuruan,"-7.74862,112.83",2012,64.61,91.170897,6.8287869,643.58566,69.169316
Jawa Timur,3515,Sidoarjo,"-7.45533,112.663",2012,71.03,97.789635,9.9230413,654.80965,77.363461
Jawa Timur,3516,Mojokerto,"-7.54086,112.496",2012,70.64,94.164343,7.9435161,648.895,74.419242
Jawa Timur,3517,Jombang,"-7.55994,112.257",2012,70.28,93.874713,8.0419126,644.06443,73.855656
Jawa Timur,3518,Nganjuk,"-7.61615,111.945",2012,69.33,91.10855,7.606629,638.42093,71.956013
Jawa Timur,3519,Madiun,"-7.61259,111.647",2012,69.25,89.60573,7.4440648,630.88948,70.877027
Jawa Timur,3520,Magetan,"-7.65453,111.347",2012,71.66,91.075403,7.8467317,643.9661,73.848102
Jawa Timur,3521,Ngawi,"-7.4286,111.394",2012,70.57,85.576713,7.0152944,628.38117,70.204196
Jawa Timur,3522,Bojonegoro,"-7.22605,111.791",2012,67.42,84.846833,6.7236408,624.05,67.742321
Jawa Timur,3523,Tuban,"-6.95912,111.893",2012,68.21,85.856454,6.5291557,635.9446,69.177773
Jawa Timur,3524,Lamongan,"-7.12486,112.312",2012,68.55,88.756501,7.594558,639.15366,71.047504
Jawa Timur,3525,Gresik,"-7.12652,112.517",2012,71.47,96.174773,8.9816423,647.30532,75.973641
Jawa Timur,3526,Bangkalan,"-7.04863,112.909",2012,63.65,82.902901,5.7359583,639.67306,65.687752
Jawa Timur,3527,Sampang,"-7.05851,113.262",2012,63.98,69.117824,4.221361,639.42862,61.666981
Jawa Timur,3528,Pamekasan,"-7.07227,113.5",2012,64.79,84.212221,6.3174713,632.75793,66.510109
Jawa Timur,3529,Sumenep,"-7.00034,113.852",2012,65.07,78.70627,5.705337,651.20997,66.410087
Jawa Timur,3571,Kota Kediri,"-7.82422,112.016",2012,70.86,97.59583,10.238142,651.37822,77.195027
Jawa Timur,3572,Kota Blitar,"-8.09311,112.165",2012,72.8,97.313794,9.7748002,657.08827,78.306771
Jawa Timur,3573,Kota Malang,"-7.97649,112.627",2012,71.019674,98.338766,10.871305,658.02193,78.42962
Jawa Timur,3574,Kota Probolinggo,"-7.78127,113.209",2012,70.86,92.55416,8.6732488,658.14199,75.436503
Jawa Timur,3575,Kota Pasuruan,"-7.65633,112.905",2012,66.46,97.070571,9.0545172,658.81292,74.32981
Jawa Timur,3576,Kota Mojokerto,"-7.46807,112.438",2012,72,97.178344,10.105643,656.18309,78.007568
Jawa Timur,3577,Kota Madiun,"-7.63149,111.53",2012,71.42,97.837644,10.460309,648.46398,77.499953
Jawa Timur,3578,Kota Surabaya,"-7.27981,112.711",2012,71.53,98.354939,10.100869,660.37673,78.327431
Jawa Timur,3579,Kota Batu,"-7.83708,112.531",2012,70,98.31837,8.539741,648.74107,75.416594
Banten,3601,Pandeglang,"-6.55064,105.715",2012,64.13,96.406946,6.9704715,631.24074,69.220213
Banten,3602,Lebak,"-6.65249,106.189",2012,63.42,95.693725,6.2723706,634.84791,68.42803
Banten,3603,Tangerang,"-6.18755,106.472",2012,66.01,95.893403,8.9609897,640.80423,72.36169
Banten,3604,Serang,"-6.10998,106.281",2012,64.25,95.752923,7.3585418,636.45064,69.83033
Banten,3671,Kota Tangerang,"-6.17562,106.652",2012,68.44,98.425046,10.071544,648.92797,75.7227
Banten,3672,Kota Cilegon,"-6.00466,106.005",2012,68.67,98.772217,9.7193187,651.86315,75.892821
Banten,3673,Kota Serang,"-6.11908,106.159",2012,65.81,96.92231,8.582238,642.17699,72.304415
Banten,3674,Kota Tangerang Selatan,"-6.30593,106.681",2012,68.77,98.509875,10.981798,649.11768,76.613759
Bali,5101,Jembrana,"-8.31199,114.68",2012,71.95,91.358994,7.8582881,637.95516,73.617758
Bali,5102,Tabanan,"-8.43686,115.063",2012,74.55,90.863209,8.3910977,640.53779,75.545647
Bali,5103,Badung,"-8.54082,115.167",2012,71.91,93.005247,9.4681447,644.94288,75.692134
Bali,5104,Gianyar,"-8.47876,115.297",2012,72.22,88.791219,8.8965801,644.69086,74.485112
Bali,5105,Klungkung,"-8.74418,115.536",2012,69.2,84.153674,7.434385,658.52638,71.75944
Bali,5106,Bangli,"-8.33395,115.347",2012,71.81,85.828445,6.6837889,642.64108,71.801936
Bali,5107,Karangasem,"-8.3598,115.554",2012,68,76.028395,5.8838373,654.45924,67.825301
Bali,5108,Buleleng,"-8.21916,114.944",2012,69.53,89.939491,7.543014,640.63827,71.931018
Bali,5171,Kota Denpasar,"-8.66035,115.227",2012,73.12,97.517297,10.936393,649.47961,78.8041
Nusa Tenggara Barat,5201,Lombok Barat,"-8.55654,116.157",2012,61.71,78.592242,6.1030843,630.13156,63.188993
Nusa Tenggara Barat,5202,Lombok Tengah,"-8.68115,116.283",2012,61.96,73.924137,6.1889363,632.97043,62.572804
Nusa Tenggara Barat,5203,Lombok Timur,"-8.58374,116.558",2012,61.88,83.894888,6.9149168,628.09463,64.906252
Nusa Tenggara Barat,5204,Sumbawa,"-8.73956,117.523",2012,60.93,90.874806,7.642643,638.02804,67.233815
Nusa Tenggara Barat,5205,Dompu,"-8.51802,118.325",2012,61.26,87.94068,7.9717022,645.50081,67.584511
Nusa Tenggara Barat,5206,Bima,"-8.56522,118.816",2012,63.55,87.0155,7.5947751,621.51874,66.524544
Nusa Tenggara Barat,5207,Sumbawa Barat,"-8.80847,116.911",2012,61.61,92.497445,8.0230421,632.76437,67.848485
Nusa Tenggara Barat,5208,Lombok Utara,"-8.33728,116.267",2012,61.32,76.997112,5.609559,618.64809,61.367683
Nusa Tenggara Barat,5271,Kota Mataram,"-8.58142,116.117",2012,67.62,92.253937,9.6837454,650.08664,73.697782
Nusa Tenggara Barat,5272,Kota Bima,"-8.45275,118.807",2012,63.22,93.797932,10.216505,621.99891,69.827427
Nusa Tenggara Timur,5301,Sumba Barat,"-9.57957,119.457",2012,65.75,80.43754,6.6204386,612.59366,64.875748
Nusa Tenggara Timur,5302,Sumba Timur,"-9.7967,120.249",2012,62.33,86.224408,6.4385062,602.22236,63.328031
Nusa Tenggara Timur,5303,Kupang,"-9.85561,123.84",2012,65.94,89.243806,7.4459937,606.96285,67.116021
Nusa Tenggara Timur,5304,Timor Tengah Selatan,"-9.82707,124.425",2012,67.26,84.399885,6.6869869,612.08274,66.605096
Nusa Tenggara Timur,5305,Timor Tengah Utara,"-9.35684,124.476",2012,69.19,88.159458,6.9180005,610.66242,68.57449
Nusa Tenggara Timur,5306,Belu,"-9.3837,124.928",2012,66.7,83.930015,6.5581276,604.61823,65.519111
Nusa Tenggara Timur,5307,Alor,"-8.29574,124.74",2012,67.58,96.006781,7.4665715,604.42727,69.349937
Nusa Tenggara Timur,5308,Lembata,"-8.37541,123.566",2012,66.88,93.95675,7.0185458,611.17487,68.693397
Nusa Tenggara Timur,5309,Flores Timur,"-8.346,122.819",2012,68.73,90.175716,6.7554001,617.68429,69.187456
Nusa Tenggara Timur,5310,Sikka,"-8.59524,122.569",2012,69.63,91.754759,6.5906322,602.46753,68.744125
Nusa Tenggara Timur,5311,Ende,"-8.66889,121.695",2012,65.29,93.995078,7.5486595,609.48173,68.080832
Nusa Tenggara Timur,5312,Ngada,"-8.65213,121.153",2012,67.46,96.917181,7.6325809,617.62742,70.625387
Nusa Tenggara Timur,5313,Manggarai,"-8.53765,120.438",2012,67.74,92.619596,6.8292774,605.49096,68.295987
Nusa Tenggara Timur,5314,Rote Ndao,"-10.6796,123.119",2012,68.74,89.03849,6.4610444,596.61058,67.098901
Nusa Tenggara Timur,5315,Manggarai Barat,"-8.60214,120.09",2012,66.84,92.456266,6.5755543,596.01778,66.842009
Nusa Tenggara Timur,5316,Sumba Tengah,"-9.54585,119.186",2012,64.16,74.317637,6.209688,614.56323,62.479897
Nusa Tenggara Timur,5317,Sumba Barat Daya,"-9.59047,119.681",2012,63.13,76.08554,5.3355871,615.15885,61.698942
Nusa Tenggara Timur,5318,Nagekeo,"-8.68125,121.292",2012,63.86,95.045955,7.151433,609.49887,67.226994
Nusa Tenggara Timur,5319,Manggarai Timur,"-8.56284,120.711",2012,68.12,92.718359,6.5324503,589.31656,67.063225
Nusa Tenggara Timur,5320,Sabu Raijua,"-10.5219,121.846",2012,67.92,77.547621,5.5391879,515.05402,57.124489
Nusa Tenggara Timur,5371,Kota Kupang,"-10.225,123.603",2012,73.46,98.570557,11.270308,635.08008,78.365164
Kalimantan Barat,6101,Sambas,"1.51623,109.329",2012,61.69,91.574729,6.2130202,630.68999,66.18733
Kalimantan Barat,6102,Bengkayang,"1.03394,109.487",2012,69.11,89.555329,6.5373929,609.84797,68.495569
Kalimantan Barat,6103,Landak,"0.516649,109.697",2012,65.93,93.854894,7.5399031,617.92356,69.049041
Kalimantan Barat,6104,Pontianak,"0.359825,109.165",2012,67.36,90.246253,6.5681436,632.19915,69.421422
Kalimantan Barat,6105,Sanggau,"0.285377,110.577",2012,68.91,90.499165,6.6261219,620.76389,69.5008
Kalimantan Barat,6106,Ketapang,"-1.68179,110.539",2012,67.87,91.385032,6.5381738,620.76673,69.054954
Kalimantan Barat,6107,Sintang,"-0.119481,112.107",2012,68.74,90.552856,6.6762017,616.69037,69.141592
Kalimantan Barat,6108,Kapuas Hulu,"0.830991,112.915",2012,66.75,92.636194,7.1777225,638.04787,70.51571
Kalimantan Barat,6109,Sekadau,"0.055962,110.953",2012,67.39,91.612245,6.8270828,613.16076,68.466882
Kalimantan Barat,6110,Melawi,"-0.725618,111.783",2012,67.89,92.438386,7.2822194,614.74918,69.387744
Kalimantan Barat,6111,Kayong Utara,"-1.07557,110.088",2012,66,88.335731,5.8432986,612.55745,66.191342
Kalimantan Barat,6112,Kubu Raya,"-0.402846,109.51",2012,66.43,89.070025,7.113344,629.71807,68.856101
Kalimantan Barat,6171,Kota Pontianak,"-0.089018,109.351",2012,67.58,95.7345,9.8461903,645.46108,74.213032
Kalimantan Barat,6172,Kota Singkawang,"0.879057,109.019",2012,67.46,90.251848,7.5904994,626.1395,69.768734
Kalimantan Tengah,6201,Kotawaringin Barat,"-2.3877,111.415",2012,71.75,94.975877,7.969408,641.78798,74.68796
Kalimantan Tengah,6202,Kotawaringin Timur,"-2.0018,112.62",2012,69.84,98.765065,8.0753227,649.4375,75.136605
Kalimantan Tengah,6203,Kapuas,"-1.86886,114.279",2012,71.02,97.243842,7.3436397,641.85976,74.328394
Kalimantan Tengah,6204,Barito Selatan,"-1.92739,114.699",2012,68.42,98.980679,8.4738148,644.9366,74.344095
Kalimantan Tengah,6205,Barito Utara,"-0.757642,115.13",2012,72.36,98.705655,8.39851,639.09304,75.965945
Kalimantan Tengah,6206,Sukamara,"-2.53044,111.24",2012,67.98,95.750278,7.4677143,648.07641,72.87839
Kalimantan Tengah,6207,Lamandau,"-1.69264,111.237",2012,67.36,98.676103,7.8256134,643.89401,73.12706
Kalimantan Tengah,6208,Seruyan,"-2.1676,112.166",2012,68.09,99.315625,7.7826888,638.66102,73.239828
Kalimantan Tengah,6209,Katingan,"-1.86207,113.319",2012,67.7,99.488245,8.3621398,640.94378,73.66659
Kalimantan Tengah,6210,Pulang Pisau,"-2.77247,113.98",2012,67.74,96.231513,7.6696197,644.84221,72.752421
Kalimantan Tengah,6211,Gunung Mas,"-0.895158,113.491",2012,68.23,99.641639,8.7877715,637.9161,74.077176
Kalimantan Tengah,6212,Barito Timur,"-1.93246,115.088",2012,67.98,98.009147,8.8330673,639.68693,73.745475
Kalimantan Tengah,6213,Murung Raya,"-0.062238,114.204",2012,68.26,99.95,7.5212678,645.00174,73.770038
Kalimantan Tengah,6271,Kota Palangka Raya,"-1.77978,113.809",2012,73.61,99.533051,10.795534,647.9123,79.299195
Kalimantan Selatan,6301,Tanah Laut,"-3.84194,114.947",2012,69.11,96.440058,7.2664143,638.22575,72.751524
Kalimantan Selatan,6302,Kotabaru,"-2.78339,116.064",2012,66.15,95.328112,7.0861389,660.39969,72.434549
Kalimantan Selatan,6303,Banjar,"-3.28048,115.056",2012,66.12,96.369299,7.3182598,649.27135,71.963959
Kalimantan Selatan,6304,Barito Kuala,"-3.02419,114.609",2012,62.76,94.152135,7.2509389,640.99462,68.917148
Kalimantan Selatan,6305,Tapin,"-2.85058,114.994",2012,67.73,96.866269,7.2594233,633.51894,71.711817
Kalimantan Selatan,6306,Hulu Sungai Selatan,"-2.70676,115.232",2012,64.69,96.800449,7.3742576,653.63418,71.642883
Kalimantan Selatan,6307,Hulu Sungai Tengah,"-2.63117,115.421",2012,66.03,97.486626,7.4965837,641.1518,71.668879
Kalimantan Selatan,6308,Hulu Sungai Utara,"-2.42087,115.101",2012,63.87,96.020596,7.4949318,638.33556,69.924931
Kalimantan Selatan,6309,Tabalong,"-1.82989,115.448",2012,63.64,97.167454,8.1561858,644.9707,71.052947
Kalimantan Selatan,6310,Tanah Bumbu,"-3.32087,115.695",2012,65.681966,95.24794,7.5616404,641.91938,71.08536
Kalimantan Selatan,6311,Balangan,"-2.29685,115.567",2012,62.32,95.658176,7.0116685,626.5085,67.714245
Kalimantan Selatan,6371,Kota Banjarmasin,"-3.32828,114.573",2012,66.58,98.796654,9.8842765,651.43843,74.826615
Kalimantan Selatan,6372,Kota Banjar Baru,"-3.46166,114.786",2012,68.04,99.058113,10.659041,651.57076,76.279921
Kalimantan Timur,6401,Paser,"-1.62224,116.229",2012,73.79,96.707321,8.0952886,635.95622,75.850071
Kalimantan Timur,6402,Kutai Barat,"0.189887,115.19",2012,70.61,96.607108,8.2145626,634.68395,74.05148
Kalimantan Timur,6403,Kutai Kartanegara,"0.245719,117.041",2012,68.17,98.326874,8.7566773,644.56398,74.240741
Kalimantan Timur,6404,Kutai Timur,"1.02225,117.53",2012,69.03,99.287326,8.4657118,631.96439,73.745849
Kalimantan Timur,6405,Berau,"1.80806,117.584",2012,70.43,97.255212,8.616566,643.259,75.053837
Kalimantan Timur,6406,Malinau,"2.59453,115.698",2012,68.62,92.97,8.2598776,653.62981,73.630685
Kalimantan Timur,6407,Bulungan,"2.92062,117.022",2012,73.32,95.947733,8.1673155,643.1634,76.0287
Kalimantan Timur,6408,Nunukan,"3.87444,116.679",2012,72.01,94.794965,7.5454335,646.54682,74.84473
Kalimantan Timur,6409,Penajam Paser Utara,"-1.21871,116.612",2012,71.8,95.765529,7.7113562,637.30286,74.354568
Kalimantan Timur,6410,Tana Tidung,"3.4432,117.168",2012,72.76,90.147266,7.6448353,625.18,72.656275
Kalimantan Timur,6471,Kota Balikpapan,"-1.15958,116.887",2012,72.61,98.85746,10.462418,661.33006,79.380353
Kalimantan Timur,6472,Kota Samarinda,"-0.430184,117.174",2012,71.62,98.559629,10.364053,655.70557,78.258039
Kalimantan Timur,6473,Kota Tarakan,"3.33426,117.593",2012,72.19,98.893417,9.4391603,653.00372,77.755646
Kalimantan Timur,6474,Kota Bontang,"0.209815,117.348",2012,72.78,99.22,10.396541,639.87998,77.85422
Sulawesi Utara,7101,Bolaang Mongondow,"0.709545,124.067",2012,71.83,98.315561,7.4376211,625.616,73.834878
Sulawesi Utara,7102,Minahasa,"1.299,124.87",2012,72.61,99.737492,9.5448677,632.63157,76.685544
Sulawesi Utara,7103,Kepulauan Sangihe,"3.54841,125.539",2012,73.37,98.745592,7.7375612,643.98306,76.423027
Sulawesi Utara,7104,Kepulauan Talaud,"4.26898,126.79",2012,72.35,99.576829,8.7968769,635.12595,76.143477
Sulawesi Utara,7105,Minahasa Selatan,"1.0733,124.528",2012,72.54,99.813914,8.7768754,624.41571,75.461869
Sulawesi Utara,7106,Minahasa Utara,"1.507,124.998",2012,72.87,99.77507,9.3990698,635.01242,76.913742
Sulawesi Utara,7107,Bolaang Mongondow Utara,"0.686082,123.431",2012,70.22,98.425731,7.4353056,632.27445,73.476115
Sulawesi Utara,7108,Kep. Siau Tagulandang Biaro,"2.72134,125.383",2012,68.81,99.781224,8.4876054,635.97467,74.05852
Sulawesi Utara,7109,Minahasa Tenggara,"0.999949,124.733",2012,70.16,99.522633,8.4119527,619.45982,73.422842
Sulawesi Utara,7110,Bolaang Mongondow Selatan,"0.410792,123.879",2012,71.39,99.050521,6.8750163,603.42737,71.627777
Sulawesi Utara,7111,Bolaang Mongondow Timur,"0.673946,124.467",2012,71.48,99.574399,7.4237305,619.16243,73.412754
Sulawesi Utara,7171,Kota Manado,"1.50213,124.852",2012,72.77,99.927336,10.839522,647.46132,78.91799
Sulawesi Utara,7172,Kota Bitung,"1.47772,125.134",2012,70.67,99.420938,9.4634886,643.33888,76.301947
Sulawesi Utara,7173,Kota Tomohon,"1.31403,124.815",2012,72.95,99.872087,10.16244,633.07237,77.395759
Sulawesi Utara,7174,Kota Kotamobagu,"0.717768,124.246",2012,72.12,99.66362,9.5278987,636.52333,76.684126
Sulawesi Tengah,7201,Banggai Kepulauan,"-1.39914,123.169",2012,64.85,95.081127,7.9382957,616.42336,68.901079
Sulawesi Tengah,7202,Banggai,"-1.09963,122.619",2012,68.96,95.985178,8.0309765,628.37134,72.374343
Sulawesi Tengah,7203,Morowali,"-2.27987,121.645",2012,65.91,97.491745,8.2033002,638.82712,71.947769
Sulawesi Tengah,7204,Poso,"-1.6695,120.48",2012,65.45,97.966377,8.797318,625.33565,71.198424
Sulawesi Tengah,7205,Donggala,"0.001503,119.89",2012,66.01,94.708338,7.6490945,638.32123,70.935297
Sulawesi Tengah,7206,Tolitoli,"0.968331,120.874",2012,64.73,95.36935,7.8575296,627.18181,69.667382
Sulawesi Tengah,7207,Buol,"0.999847,121.558",2012,65.86,98.691817,8.3001086,618.75205,70.711959
Sulawesi Tengah,7208,Parigi Moutong,"-0.238456,119.968",2012,65.79,93.982215,7.1658774,631.227,69.747292
Sulawesi Tengah,7209,Tojo Unauna,"-1.2185,121.345",2012,64.2,97.556349,7.9190265,624.68098,69.711845
Sulawesi Tengah,7210,Sigi,"-1.45968,119.811",2012,65.88,96.556966,8.0591765,599.85382,68.61442
Sulawesi Tengah,7271,Kota Palu,"-0.820163,119.9",2012,70.54,99.344223,11.049372,644.55952,77.481433
Sulawesi Selatan,7301,Kepulauan Selayar,"-6.14249,120.479",2012,68.02,90.882175,7.2550117,632.86013,70.489113
Sulawesi Selatan,7302,Bulukumba,"-5.46549,120.19",2012,72.32,86.258423,7.1144878,640.48824,72.334018
Sulawesi Selatan,7303,Bantaeng,"-5.48126,119.983",2012,74.32,80.099802,6.4561875,639.5,71.512791
Sulawesi Selatan,7304,Jeneponto,"-5.57381,119.699",2012,65.31,77.424439,6.2296591,637.16063,65.564705
Sulawesi Selatan,7305,Takalar,"-5.41331,119.494",2012,70.27,83.098209,6.9937808,637.03,70.137052
Sulawesi Selatan,7306,Gowa,"-5.354,119.687",2012,71.96,82.496981,7.2366858,643.2,71.597552
Sulawesi Selatan,7307,Sinjai,"-5.20395,120.131",2012,72.5,86.70597,7.0774696,616.2,70.635078
Sulawesi Selatan,7308,Maros,"-4.97008,119.717",2012,73.22,83.979166,7.082888,643.56247,72.540924
Sulawesi Selatan,7309,Pangkajene Dan Kepulauan,"-4.75434,119.641",2012,69.14,88.820547,7.0738622,634.5,70.645333
Sulawesi Selatan,7310,Barru,"-4.43319,119.698",2012,69.24,89.309616,7.866495,638.4518,71.701122
Sulawesi Selatan,7311,Bone,"-4.68324,120.097",2012,70.26,87.877086,6.7234878,643.23,71.470851
Sulawesi Selatan,7312,Soppeng,"-4.31902,119.9",2012,71.85,86.98503,7.2876125,643.2,72.571509
Sulawesi Selatan,7313,Wajo,"-3.97811,120.16",2012,71.79,84.98863,6.5959543,644.40112,71.674716
Sulawesi Selatan,7314,Sidenreng Rappang,"-3.80789,119.994",2012,73.12,89.898977,7.478657,634.02,73.358968
Sulawesi Selatan,7315,Pinrang,"-3.6456,119.611",2012,72.5,91.626073,7.8878426,643.01492,74.39432
Sulawesi Selatan,7316,Enrekang,"-3.53501,119.891",2012,75.39,91.256784,8.3417302,630.59224,75.29708
Sulawesi Selatan,7317,Luwu,"-3.34763,120.21",2012,74.136198,91.702893,7.8059661,635.45678,74.677522
Sulawesi Selatan,7318,Tana Toraja,"-2.99152,119.734",2012,74.26,88.942193,7.8293192,619.26849,72.903092
Sulawesi Selatan,7322,Luwu Utara,"-2.41617,120.131",2012,71.81,92.988057,7.4890053,655.38,74.970723
Sulawesi Selatan,7325,Luwu Timur,"-2.48105,120.695",2012,71.294981,93.427453,8.1875651,632.7614,73.557339
Sulawesi Selatan,7326,Toraja Utara,"-3.0116,119.952",2012,73.62,85.847798,7.8560913,608.39185,71.041874
Sulawesi Selatan,7371,Kota Makassar,"-5.15306,119.453",2012,74.05,96.876599,10.864019,654.25,79.492252
Sulawesi Selatan,7372,Kota Parepare,"-4.01652,119.665",2012,74.71,97.328907,9.8838246,646.39563,78.628323
Sulawesi Selatan,7373,Kota Palopo,"-2.99277,120.14",2012,72.72,97.434435,10.16358,640.29798,77.28373
Sulawesi Tenggara,7401,Buton,"-5.38816,122.899",2012,69.28,86.62263,7.0448887,631.14475,69.954761
Sulawesi Tenggara,7402,Muna,"-4.91909,122.538",2012,66.16,88.368019,7.5315431,623.13647,68.352882
Sulawesi Tenggara,7403,Konawe,"-3.85577,122.067",2012,67.82,94.677421,8.5645732,616.75532,70.950848
Sulawesi Tenggara,7404,Kolaka,"-3.67976,121.431",2012,67.64,93.299829,8.0865687,640.21609,71.997871
Sulawesi Tenggara,7405,Konawe Selatan,"-4.2602,122.397",2012,67.94,94.127133,7.6631583,616.96899,70.243973
Sulawesi Tenggara,7406,Bombana,"-4.62735,121.813",2012,68.12,89.52506,7.2803223,610.11722,68.509901
Sulawesi Tenggara,7407,Wakatobi,"-5.32294,123.582",2012,68.3,91.351793,7.7560716,602.46041,68.778429
Sulawesi Tenggara,7408,Kolaka Utara,"-3.25263,121.129",2012,65.83,93.607619,7.6502507,628.92591,69.867809
Sulawesi Tenggara,7409,Buton Utara,"-4.74096,122.975",2012,68.92,88.344276,8.0517611,610.76134,69.313003
Sulawesi Tenggara,7410,Konawe Utara,"-3.28607,121.915",2012,67.63,93.84233,7.9670756,611.90566,69.843546
Sulawesi Tenggara,7471,Kota Kendari,"-4.0035,122.553",2012,69.24,98.681142,11.39245,639.95365,76.511192
Sulawesi Tenggara,7472,Kota Baubau,"-5.4266,122.682",2012,70.99,95.64626,9.8898364,625.46412,74.579789
Gorontalo,7501,Boalemo,"0.692982,122.33",2012,68.57,95.768412,6.5741494,608.39653,69.491673
Gorontalo,7502,Gorontalo,"0.740238,122.558",2012,69.55,95.004601,6.8911422,621.59299,71.117742
Gorontalo,7503,Pohuwato,"0.70044,121.652",2012,68.09,97.084069,6.7187676,623.19856,70.764731
Gorontalo,7504,Bone Bolango,"0.559517,123.303",2012,69.25,97.469434,7.8473796,627.3678,72.651987
Gorontalo,7505,Gorontalo Utara,"0.892006,122.625",2012,67.37,94.889846,6.5021632,626.07608,69.938339
Gorontalo,7571,Kota Gorontalo,"0.531953,123.088",2012,67.16,99.466425,10.284285,632.99901,74.17355
Sulawesi Barat,7601,Majene,"-3.21487,118.87",2012,66.02,94.769989,8.5015592,649.05702,72.413009
Sulawesi Barat,7602,Polewali Mandar,"-3.30966,119.195",2012,65.53,86.000971,7.0736552,640.07322,68.442369
Sulawesi Barat,7603,Mamasa,"-3.10129,119.265",2012,71.44,88.069492,7.1869301,637.46204,72.068136
Sulawesi Barat,7604,Mamuju,"-2.35397,119.332",2012,69.02,89.971892,7.4695265,629.75713,70.762252
Sulawesi Barat,7605,Mamuju Utara,"-1.34188,119.377",2012,67.62,95.600723,7.2638972,625.9062,70.786362
Maluku,8101,Maluku Tenggara Barat,"-7.56859,131.413",2012,64.56,99.750013,8.9802435,603.70911,69.569906
Maluku,8102,Maluku Tenggara,"-5.63475,133.02",2012,68.39,99.581843,8.9051302,625.3583,73.272356
Maluku,8103,Maluku Tengah,"-3.32153,129.356",2012,66.03,99.113283,8.8753472,621.67553,71.551367
Maluku,8104,Buru,"-3.34065,126.639",2012,68.94,92.854772,7.9215301,614.75754,70.537815
Maluku,8105,Kepulauan Aru,"-6.55316,134.291",2012,68.15,99.06716,8.0153324,606.50839,70.913491
Maluku,8106,Seram Bagian Barat,"-3.16,128.29",2012,66.79,98.301509,8.5674793,606.55085,70.400058
Maluku,8107,Seram Bagian Timur,"-3.42318,130.347",2012,66.28,98.17049,7.9344245,597.25286,68.902437
Maluku,8108,Maluku Barat Daya,"-7.7893,126.313",2012,64.56,98.248918,8.0908601,588.21941,67.384322
Maluku,8109,Buru Selatan,"-3.52835,126.615",2012,67.82,89.793881,7.3142944,630.14241,69.970719
Maluku,8171,Kota Ambon,"-3.67265,128.234",2012,73.31,99.624661,11.366581,645.72883,79.407686
Maluku,8172,Kota Tual,"-5.6088,132.783",2012,69.38,99.714691,9.9345165,664.39444,77.621422
Maluku Utara,8201,Halmahera Barat,"1.51616,127.624",2012,64.83,95.827659,7.8746672,598.77869,67.649526
Maluku Utara,8202,Halmahera Tengah,"0.406088,128.463",2012,67.38,96.826113,8.2538455,604.8044,70.033117
Maluku Utara,8203,Kepulauan Sula,"-1.83272,124.834",2012,65.71,97.45827,8.0173986,601.63972,68.826891
Maluku Utara,8204,Halmahera Selatan,"-1.54092,127.787",2012,65.9,96.089168,7.6899641,607.9825,68.874254
Maluku Utara,8205,Halmahera Utara,"1.5173,127.793",2012,66.51,97.712632,8.2799106,605.75891,69.839623
Maluku Utara,8206,Halmahera Timur,"1.02798,128.238",2012,65.98,95.794256,7.8427595,604.66056,68.710449
Maluku Utara,8207,Pulau Morotai,"2.31688,128.449",2012,65.87,94.081138,6.9610823,584.69948,66.077906
Maluku Utara,8271,Kota Ternate,"0.809597,127.339",2012,71.26,99.162528,10.928239,642.87568,77.621619
Maluku Utara,8272,Kota Tidore Kepulauan,"0.406088,127.662",2012,65.44,97.722009,9.0142096,614.31595,70.450354
Papua Barat,9101,Fak-Fak,"-3.31843,132.872",2012,71.24,98.472931,9.4896373,594.22942,72.644309
Papua Barat,9102,Kaimana,"-3.5477,134.443",2012,70.11,96.985474,7.9470467,603.01339,71.219973
Papua Barat,9103,Teluk Wondama,"-2.58788,134.557",2012,68.01,85.117557,7.1395029,602.7631,66.798531
Papua Barat,9104,Teluk Bintuni,"-2.0977,133.322",2012,68.88,87.384014,7.0170788,601.27705,67.580363
Papua Barat,9105,Manokwari,"-1.80035,133.968",2012,68.58,89.026506,8.5332708,590.54191,68.074849
Papua Barat,9106,Sorong Selatan,"-1.66473,132.197",2012,66.99,88.450553,8.0946605,591.78804,66.834622
Papua Barat,9107,Sorong,"-0.946039,131.859",2012,68.59,91.840065,8.1115251,601.41155,69.230547
Papua Barat,9108,Raja Ampat,"-0.229671,131.037",2012,66.82,94.33567,7.5326171,563.96021,65.488017
Papua Barat,9109,Tambrauw,"-0.719501,132.355",2012,66.48,77.384144,5.7992052,446.24649,51.180377
Papua Barat,9110,Maybrat,"-1.43974,132.338",2012,66.92,91.217642,8.6385184,584.53845,67.255049
Papua Barat,9171,Kota Sorong,"-0.927203,131.366",2012,72.520435,99.688319,10.988632,641.28462,78.360876
Papua,9401,Merauke,"-7.9868,139.839",2012,63,88.220147,9.4636075,604.01395,66.522577
Papua,9402,Jayawijaya,"-3.95492,139.031",2012,66.84,52.774907,5.3107041,597.79705,57.224065
Papua,9403,Jayapura,"-3.0866,140.033",2012,67.74,96.901151,9.56435,629.03828,73.087323
Papua,9404,Nabire,"-3.46936,135.302",2012,68.05,83.667943,7.2905458,621.16705,68.028195
Papua,9408,Kepulauan Yapen Waropen,"-1.75587,136.161",2012,68.876874,90.871664,6.7364341,638.05214,70.978637
Papua,9409,Biak Numfor,"-0.912187,135.872",2012,67.01,98.676399,9.6354823,597.19163,70.675743
Papua,9410,Paniai,"-3.78484,136.459",2012,68.3,62.947187,6.2190189,592.21821,60.538758
Papua,9411,Puncak Jaya,"-3.39141,138.025",2012,67.707926,86.823172,6.1238361,630.17414,68.368923
Papua,9412,Mimika,"-4.45002,136.341",2012,70.87,88.203157,6.9309713,617.07,70.020732
Papua,9413,Boven Digoel,"-6.18709,140.378",2012,67.14942,35.254719,3.6461171,586.86054,51.4271
Papua,9414,Mappi,"-6.31382,139.264",2012,66.300337,33.467875,4.3553025,592.61737,51.527093
Papua,9415,Asmat,"-5.44092,138.728",2012,67.342499,31.152999,4.4209839,599.78408,52.192375
Papua,9416,Yahukimo,"-4.44653,139.463",2012,67.38,32.769414,2.9217534,590.32635,50.733322
Papua,9417,Pegunungan Bintang,"-4.54753,140.526",2012,66.24,32.497342,2.5940522,590.77622,49.831441
Papua,9418,Tolikara,"-3.53772,138.863",2012,66.24,33.449882,3.3768103,617.18584,52.657326
Papua,9419,Sarmi,"-2.58306,139.134",2012,66.58,87.6754,7.0036483,619.09714,67.730108
Papua,9420,Keerom,"-3.24333,140.545",2012,67.51,92.387386,7.4256748,623.51285,69.946647
Papua,9426,Waropen,"-2.68118,136.578",2012,66.033725,78.268184,6.5451053,609.31129,64.242644
Papua,9427,Supiori,"-0.75568,135.558",2012,66.49,96.688033,8.0998108,602.17177,69.191091
Papua,9428,Mamberamo Raya,"-2.39784,137.878",2012,66.34,65.364258,5.1994721,604.49034,60.177124
Papua,9429,Nduga,"-4.34969,138.305",2012,66.02,30.544089,2.809531,582.50565,48.797677
Papua,9430,Lanny Jaya,"-3.85485,138.37",2012,66.7,36.91826,3.7495845,573.53107,50.596943
Papua,9431,Mamberamo Tengah,"-3.61216,139.172",2012,66.62,34.526091,2.930571,577.57711,49.725903
Papua,9432,Yalimo,"-3.79591,139.555",2012,66.77,33.518695,2.8103932,575.10129,49.305633
Papua,9433,Puncak,"-3.5955,137.472",2012,67.84,32.14969,2.8508291,576.99388,49.771597
Papua,9434,Dogiyai,"-3.72869,135.997",2012,67.44,34.646301,4.1594347,577.16993,51.087076
Papua,9435,Intan Jaya,"-4.07561,136.341",2012,66.869487,28.078924,2.2961423,593.302,49.173178
Papua,9436,Deiyai,"-3.59701,136.599",2012,66.642411,31.018013,2.9605078,588.1857,49.798159
Papua,9471,Kota Jayapura,"-2.6529,140.772",2012,68.77,99.843473,11.062915,644.80249,76.637793
